<?xml version="1.0" encoding="UTF-8"?>
<project-private xmlns="http://www.netbeans.org/ns/project-private/1">
    <editor-bookmarks xmlns="http://www.netbeans.org/ns/editor-bookmarks/2" lastBookmarkId="1">
        <file>
            <url>src/login.java</url>
            <bookmark id="1">
                <name/>
                <line>68</line>
                <key/>
            </bookmark>
        </file>
    </editor-bookmarks>
    <open-files xmlns="http://www.netbeans.org/ns/projectui-open-files/2">
        <group>
            <file>file:/C:/Users/Vishal/Downloads/vishal/src/NewClass.java</file>
            <file>file:/C:/Users/Vishal/Downloads/vishal/src/dbconnection.java</file>
            <file>file:/C:/Users/Vishal/Downloads/vishal/src/login.java</file>
            <file>file:/C:/Users/Vishal/Downloads/vishal/src/contact.java</file>
            <file>file:/C:/Users/Vishal/Downloads/vishal/src/password.java</file>
            <file>file:/C:/Users/Vishal/Downloads/vishal/src/payment.java</file>
        </group>
    </open-files>
</project-private>
